model,input_text,generated_token
allenai/OLMo-1B-hf,In 1950 there, were
allenai/OLMo-1B-hf,In 1951 there, were
allenai/OLMo-1B-hf,In 1952 there, was
allenai/OLMo-1B-hf,In 1953 there, was
allenai/OLMo-1B-hf,In 1954 there, was
allenai/OLMo-1B-hf,In 1955 there, were
allenai/OLMo-1B-hf,In 1956 there, was
allenai/OLMo-1B-hf,In 1957 there, was
allenai/OLMo-1B-hf,In 1958 there, were
allenai/OLMo-1B-hf,In 1959 there, were
allenai/OLMo-1B-hf,In 1960 there, were
allenai/OLMo-1B-hf,In 1961 there, were
allenai/OLMo-1B-hf,In 1962 there, was
allenai/OLMo-1B-hf,In 1963 there, was
allenai/OLMo-1B-hf,In 1964 there, was
allenai/OLMo-1B-hf,In 1965 there, were
allenai/OLMo-1B-hf,In 1966 there, was
allenai/OLMo-1B-hf,In 1967 there, was
allenai/OLMo-1B-hf,In 1968 there, was
allenai/OLMo-1B-hf,In 1969 there, was
allenai/OLMo-1B-hf,In 1970 there, were
allenai/OLMo-1B-hf,In 1971 there, was
allenai/OLMo-1B-hf,In 1972 there, was
allenai/OLMo-1B-hf,In 1973 there, was
allenai/OLMo-1B-hf,In 1974 there, was
allenai/OLMo-1B-hf,In 1975 there, were
allenai/OLMo-1B-hf,In 1976 there, was
allenai/OLMo-1B-hf,In 1977 there, was
allenai/OLMo-1B-hf,In 1978 there, were
allenai/OLMo-1B-hf,In 1979 there, were
allenai/OLMo-1B-hf,In 1980 there, were
allenai/OLMo-1B-hf,In 1981 there, were
allenai/OLMo-1B-hf,In 1982 there, were
allenai/OLMo-1B-hf,In 1983 there, was
allenai/OLMo-1B-hf,In 1984 there, was
allenai/OLMo-1B-hf,In 1985 there, were
allenai/OLMo-1B-hf,In 1986 there, were
allenai/OLMo-1B-hf,In 1987 there, were
allenai/OLMo-1B-hf,In 1988 there, were
allenai/OLMo-1B-hf,In 1989 there, were
allenai/OLMo-1B-hf,In 1990 there, were
allenai/OLMo-1B-hf,In 1991 there, were
allenai/OLMo-1B-hf,In 1992 there, were
allenai/OLMo-1B-hf,In 1993 there, were
allenai/OLMo-1B-hf,In 1994 there, was
allenai/OLMo-1B-hf,In 1995 there, were
allenai/OLMo-1B-hf,In 1996 there, were
allenai/OLMo-1B-hf,In 1997 there, were
allenai/OLMo-1B-hf,In 1998 there, were
allenai/OLMo-1B-hf,In 1999 there, were
allenai/OLMo-1B-hf,In 2000 there, were
allenai/OLMo-1B-hf,In 2001 there, were
allenai/OLMo-1B-hf,In 2002 there, were
allenai/OLMo-1B-hf,In 2003 there, were
allenai/OLMo-1B-hf,In 2004 there, were
allenai/OLMo-1B-hf,In 2005 there, were
allenai/OLMo-1B-hf,In 2006 there, were
allenai/OLMo-1B-hf,In 2007 there, were
allenai/OLMo-1B-hf,In 2008 there, were
allenai/OLMo-1B-hf,In 2009 there, were
allenai/OLMo-1B-hf,In 2010 there, were
allenai/OLMo-1B-hf,In 2011 there, were
allenai/OLMo-1B-hf,In 2012 there, were
allenai/OLMo-1B-hf,In 2013 there, were
allenai/OLMo-1B-hf,In 2014 there, were
allenai/OLMo-1B-hf,In 2015 there, were
allenai/OLMo-1B-hf,In 2016 there, were
allenai/OLMo-1B-hf,In 2017 there, were
allenai/OLMo-1B-hf,In 2018 there, were
allenai/OLMo-1B-hf,In 2019 there, were
allenai/OLMo-1B-hf,In 2020 there, were
allenai/OLMo-1B-hf,In 2021 there, were
allenai/OLMo-1B-hf,In 2022 there, will
allenai/OLMo-1B-hf,In 2023 there, will
allenai/OLMo-1B-hf,In 2024 there, will
allenai/OLMo-1B-hf,In 2025 there, will
allenai/OLMo-1B-hf,In 2026 there, will
allenai/OLMo-1B-hf,In 2027 there, will
allenai/OLMo-1B-hf,In 2028 there, will
allenai/OLMo-1B-hf,In 2029 there, will
allenai/OLMo-1B-hf,In 2030 there, will
allenai/OLMo-1B-hf,In 2031 there, will
allenai/OLMo-1B-hf,In 2032 there, will
allenai/OLMo-1B-hf,In 2033 there, will
allenai/OLMo-1B-hf,In 2034 there, will
allenai/OLMo-1B-hf,In 2035 there, will
allenai/OLMo-1B-hf,In 2036 there, will
allenai/OLMo-1B-hf,In 2037 there, will
allenai/OLMo-1B-hf,In 2038 there, will
allenai/OLMo-1B-hf,In 2039 there, will
allenai/OLMo-1B-hf,In 2040 there, will
allenai/OLMo-1B-hf,In 2041 there, will
allenai/OLMo-1B-hf,In 2042 there, will
allenai/OLMo-1B-hf,In 2043 there, will
allenai/OLMo-1B-hf,In 2044 there, will
allenai/OLMo-1B-hf,In 2045 there, will
allenai/OLMo-1B-hf,In 2046 there, will
allenai/OLMo-1B-hf,In 2047 there, will
allenai/OLMo-1B-hf,In 2048 there, will
allenai/OLMo-1B-hf,In 2049 there, will
allenai/OLMo-1B-hf,In 2050 there, will
allenai/OLMo-1B-hf,"In 1950, they", were
allenai/OLMo-1B-hf,"In 1951, they", were
allenai/OLMo-1B-hf,"In 1952, they", were
allenai/OLMo-1B-hf,"In 1953, they", were
allenai/OLMo-1B-hf,"In 1954, they", were
allenai/OLMo-1B-hf,"In 1955, they", were
allenai/OLMo-1B-hf,"In 1956, they", were
allenai/OLMo-1B-hf,"In 1957, they", were
allenai/OLMo-1B-hf,"In 1958, they", were
allenai/OLMo-1B-hf,"In 1959, they", were
allenai/OLMo-1B-hf,"In 1960, they", were
allenai/OLMo-1B-hf,"In 1961, they", were
allenai/OLMo-1B-hf,"In 1962, they", were
allenai/OLMo-1B-hf,"In 1963, they", were
allenai/OLMo-1B-hf,"In 1964, they", were
allenai/OLMo-1B-hf,"In 1965, they", were
allenai/OLMo-1B-hf,"In 1966, they", were
allenai/OLMo-1B-hf,"In 1967, they", were
allenai/OLMo-1B-hf,"In 1968, they", were
allenai/OLMo-1B-hf,"In 1969, they", were
allenai/OLMo-1B-hf,"In 1970, they", were
allenai/OLMo-1B-hf,"In 1971, they", were
allenai/OLMo-1B-hf,"In 1972, they", were
allenai/OLMo-1B-hf,"In 1973, they", were
allenai/OLMo-1B-hf,"In 1974, they", were
allenai/OLMo-1B-hf,"In 1975, they", were
allenai/OLMo-1B-hf,"In 1976, they", were
allenai/OLMo-1B-hf,"In 1977, they", were
allenai/OLMo-1B-hf,"In 1978, they", were
allenai/OLMo-1B-hf,"In 1979, they", were
allenai/OLMo-1B-hf,"In 1980, they", were
allenai/OLMo-1B-hf,"In 1981, they", were
allenai/OLMo-1B-hf,"In 1982, they", were
allenai/OLMo-1B-hf,"In 1983, they", were
allenai/OLMo-1B-hf,"In 1984, they", were
allenai/OLMo-1B-hf,"In 1985, they", were
allenai/OLMo-1B-hf,"In 1986, they", were
allenai/OLMo-1B-hf,"In 1987, they", were
allenai/OLMo-1B-hf,"In 1988, they", were
allenai/OLMo-1B-hf,"In 1989, they", were
allenai/OLMo-1B-hf,"In 1990, they", were
allenai/OLMo-1B-hf,"In 1991, they", were
allenai/OLMo-1B-hf,"In 1992, they", were
allenai/OLMo-1B-hf,"In 1993, they", were
allenai/OLMo-1B-hf,"In 1994, they", were
allenai/OLMo-1B-hf,"In 1995, they", were
allenai/OLMo-1B-hf,"In 1996, they", were
allenai/OLMo-1B-hf,"In 1997, they", were
allenai/OLMo-1B-hf,"In 1998, they", were
allenai/OLMo-1B-hf,"In 1999, they", were
allenai/OLMo-1B-hf,"In 2000, they", were
allenai/OLMo-1B-hf,"In 2001, they", were
allenai/OLMo-1B-hf,"In 2002, they", were
allenai/OLMo-1B-hf,"In 2003, they", were
allenai/OLMo-1B-hf,"In 2004, they", were
allenai/OLMo-1B-hf,"In 2005, they", were
allenai/OLMo-1B-hf,"In 2006, they", were
allenai/OLMo-1B-hf,"In 2007, they", were
allenai/OLMo-1B-hf,"In 2008, they", were
allenai/OLMo-1B-hf,"In 2009, they", were
allenai/OLMo-1B-hf,"In 2010, they", were
allenai/OLMo-1B-hf,"In 2011, they", were
allenai/OLMo-1B-hf,"In 2012, they", were
allenai/OLMo-1B-hf,"In 2013, they", were
allenai/OLMo-1B-hf,"In 2014, they", were
allenai/OLMo-1B-hf,"In 2015, they", were
allenai/OLMo-1B-hf,"In 2016, they", were
allenai/OLMo-1B-hf,"In 2017, they", were
allenai/OLMo-1B-hf,"In 2018, they", were
allenai/OLMo-1B-hf,"In 2019, they", were
allenai/OLMo-1B-hf,"In 2020, they", were
allenai/OLMo-1B-hf,"In 2021, they", have
allenai/OLMo-1B-hf,"In 2022, they", will
allenai/OLMo-1B-hf,"In 2023, they", will
allenai/OLMo-1B-hf,"In 2024, they", will
allenai/OLMo-1B-hf,"In 2025, they", will
allenai/OLMo-1B-hf,"In 2026, they", will
allenai/OLMo-1B-hf,"In 2027, they", will
allenai/OLMo-1B-hf,"In 2028, they", will
allenai/OLMo-1B-hf,"In 2029, they", will
allenai/OLMo-1B-hf,"In 2030, they", will
allenai/OLMo-1B-hf,"In 2031, they", will
allenai/OLMo-1B-hf,"In 2032, they", will
allenai/OLMo-1B-hf,"In 2033, they", will
allenai/OLMo-1B-hf,"In 2034, they", will
allenai/OLMo-1B-hf,"In 2035, they", will
allenai/OLMo-1B-hf,"In 2036, they", will
allenai/OLMo-1B-hf,"In 2037, they", will
allenai/OLMo-1B-hf,"In 2038, they", will
allenai/OLMo-1B-hf,"In 2039, they", will
allenai/OLMo-1B-hf,"In 2040, they", will
allenai/OLMo-1B-hf,"In 2041, they", will
allenai/OLMo-1B-hf,"In 2042, they", will
allenai/OLMo-1B-hf,"In 2043, they", will
allenai/OLMo-1B-hf,"In 2044, they", will
allenai/OLMo-1B-hf,"In 2045, they", will
allenai/OLMo-1B-hf,"In 2046, they", will
allenai/OLMo-1B-hf,"In 2047, they", will
allenai/OLMo-1B-hf,"In 2048, they", will
allenai/OLMo-1B-hf,"In 2049, they", will
allenai/OLMo-1B-hf,"In 2050, they", will
allenai/OLMo-1B-hf,"During the year 1950, scientists", from
allenai/OLMo-1B-hf,"During the year 1951, scientists", from
allenai/OLMo-1B-hf,"During the year 1952, scientists", from
allenai/OLMo-1B-hf,"During the year 1953, scientists", from
allenai/OLMo-1B-hf,"During the year 1954, scientists", from
allenai/OLMo-1B-hf,"During the year 1955, scientists", from
allenai/OLMo-1B-hf,"During the year 1956, scientists", from
allenai/OLMo-1B-hf,"During the year 1957, scientists", from
allenai/OLMo-1B-hf,"During the year 1958, scientists", from
allenai/OLMo-1B-hf,"During the year 1959, scientists", from
allenai/OLMo-1B-hf,"During the year 1960, scientists", from
allenai/OLMo-1B-hf,"During the year 1961, scientists", from
allenai/OLMo-1B-hf,"During the year 1962, scientists", from
allenai/OLMo-1B-hf,"During the year 1963, scientists", from
allenai/OLMo-1B-hf,"During the year 1964, scientists", from
allenai/OLMo-1B-hf,"During the year 1965, scientists", from
allenai/OLMo-1B-hf,"During the year 1966, scientists", from
allenai/OLMo-1B-hf,"During the year 1967, scientists", from
allenai/OLMo-1B-hf,"During the year 1968, scientists", from
allenai/OLMo-1B-hf,"During the year 1969, scientists", from
allenai/OLMo-1B-hf,"During the year 1970, scientists", from
allenai/OLMo-1B-hf,"During the year 1971, scientists", from
allenai/OLMo-1B-hf,"During the year 1972, scientists", from
allenai/OLMo-1B-hf,"During the year 1973, scientists", from
allenai/OLMo-1B-hf,"During the year 1974, scientists", from
allenai/OLMo-1B-hf,"During the year 1975, scientists", from
allenai/OLMo-1B-hf,"During the year 1976, scientists", from
allenai/OLMo-1B-hf,"During the year 1977, scientists", from
allenai/OLMo-1B-hf,"During the year 1978, scientists", from
allenai/OLMo-1B-hf,"During the year 1979, scientists", from
allenai/OLMo-1B-hf,"During the year 1980, scientists", from
allenai/OLMo-1B-hf,"During the year 1981, scientists", from
allenai/OLMo-1B-hf,"During the year 1982, scientists", from
allenai/OLMo-1B-hf,"During the year 1983, scientists", from
allenai/OLMo-1B-hf,"During the year 1984, scientists", from
allenai/OLMo-1B-hf,"During the year 1985, scientists", from
allenai/OLMo-1B-hf,"During the year 1986, scientists", from
allenai/OLMo-1B-hf,"During the year 1987, scientists", from
allenai/OLMo-1B-hf,"During the year 1988, scientists", from
allenai/OLMo-1B-hf,"During the year 1989, scientists", from
allenai/OLMo-1B-hf,"During the year 1990, scientists", from
allenai/OLMo-1B-hf,"During the year 1991, scientists", from
allenai/OLMo-1B-hf,"During the year 1992, scientists", from
allenai/OLMo-1B-hf,"During the year 1993, scientists", from
allenai/OLMo-1B-hf,"During the year 1994, scientists", from
allenai/OLMo-1B-hf,"During the year 1995, scientists", from
allenai/OLMo-1B-hf,"During the year 1996, scientists", from
allenai/OLMo-1B-hf,"During the year 1997, scientists", from
allenai/OLMo-1B-hf,"During the year 1998, scientists", from
allenai/OLMo-1B-hf,"During the year 1999, scientists", from
allenai/OLMo-1B-hf,"During the year 2000, scientists", from
allenai/OLMo-1B-hf,"During the year 2001, scientists", from
allenai/OLMo-1B-hf,"During the year 2002, scientists", from
allenai/OLMo-1B-hf,"During the year 2003, scientists", from
allenai/OLMo-1B-hf,"During the year 2004, scientists", from
allenai/OLMo-1B-hf,"During the year 2005, scientists", from
allenai/OLMo-1B-hf,"During the year 2006, scientists", from
allenai/OLMo-1B-hf,"During the year 2007, scientists", from
allenai/OLMo-1B-hf,"During the year 2008, scientists", from
allenai/OLMo-1B-hf,"During the year 2009, scientists", from
allenai/OLMo-1B-hf,"During the year 2010, scientists", from
allenai/OLMo-1B-hf,"During the year 2011, scientists", from
allenai/OLMo-1B-hf,"During the year 2012, scientists", from
allenai/OLMo-1B-hf,"During the year 2013, scientists", from
allenai/OLMo-1B-hf,"During the year 2014, scientists", from
allenai/OLMo-1B-hf,"During the year 2015, scientists", from
allenai/OLMo-1B-hf,"During the year 2016, scientists", from
allenai/OLMo-1B-hf,"During the year 2017, scientists", from
allenai/OLMo-1B-hf,"During the year 2018, scientists", from
allenai/OLMo-1B-hf,"During the year 2019, scientists", from
allenai/OLMo-1B-hf,"During the year 2020, scientists", from
allenai/OLMo-1B-hf,"During the year 2021, scientists", from
allenai/OLMo-1B-hf,"During the year 2022, scientists", from
allenai/OLMo-1B-hf,"During the year 2023, scientists", will
allenai/OLMo-1B-hf,"During the year 2024, scientists", will
allenai/OLMo-1B-hf,"During the year 2025, scientists", will
allenai/OLMo-1B-hf,"During the year 2026, scientists", will
allenai/OLMo-1B-hf,"During the year 2027, scientists", have
allenai/OLMo-1B-hf,"During the year 2028, scientists", have
allenai/OLMo-1B-hf,"During the year 2029, scientists", have
allenai/OLMo-1B-hf,"During the year 2030, scientists", will
allenai/OLMo-1B-hf,"During the year 2031, scientists", have
allenai/OLMo-1B-hf,"During the year 2032, scientists", have
allenai/OLMo-1B-hf,"During the year 2033, scientists", have
allenai/OLMo-1B-hf,"During the year 2034, scientists", have
allenai/OLMo-1B-hf,"During the year 2035, scientists", have
allenai/OLMo-1B-hf,"During the year 2036, scientists", have
allenai/OLMo-1B-hf,"During the year 2037, scientists", have
allenai/OLMo-1B-hf,"During the year 2038, scientists", have
allenai/OLMo-1B-hf,"During the year 2039, scientists", have
allenai/OLMo-1B-hf,"During the year 2040, scientists", will
allenai/OLMo-1B-hf,"During the year 2041, scientists", have
allenai/OLMo-1B-hf,"During the year 2042, scientists", have
allenai/OLMo-1B-hf,"During the year 2043, scientists", have
allenai/OLMo-1B-hf,"During the year 2044, scientists", have
allenai/OLMo-1B-hf,"During the year 2045, scientists", have
allenai/OLMo-1B-hf,"During the year 2046, scientists", have
allenai/OLMo-1B-hf,"During the year 2047, scientists", have
allenai/OLMo-1B-hf,"During the year 2048, scientists", have
allenai/OLMo-1B-hf,"During the year 2049, scientists", have
allenai/OLMo-1B-hf,"During the year 2050, scientists", predict
allenai/OLMo-1B-hf,"By 1950, weather",ing
allenai/OLMo-1B-hf,"By 1951, weather", conditions
allenai/OLMo-1B-hf,"By 1952, weather", conditions
allenai/OLMo-1B-hf,"By 1953, weather", conditions
allenai/OLMo-1B-hf,"By 1954, weather",ing
allenai/OLMo-1B-hf,"By 1955, weather",ing
allenai/OLMo-1B-hf,"By 1956, weather", was
allenai/OLMo-1B-hf,"By 1957, weather", was
allenai/OLMo-1B-hf,"By 1958, weather",ing
allenai/OLMo-1B-hf,"By 1959, weather",ing
allenai/OLMo-1B-hf,"By 1960, weather",ing
allenai/OLMo-1B-hf,"By 1961, weather", conditions
allenai/OLMo-1B-hf,"By 1962, weather", was
allenai/OLMo-1B-hf,"By 1963, weather", was
allenai/OLMo-1B-hf,"By 1964, weather", was
allenai/OLMo-1B-hf,"By 1965, weather", was
allenai/OLMo-1B-hf,"By 1966, weather",ing
allenai/OLMo-1B-hf,"By 1967, weather",ing
allenai/OLMo-1B-hf,"By 1968, weather", was
allenai/OLMo-1B-hf,"By 1969, weather", was
allenai/OLMo-1B-hf,"By 1970, weather",ing
allenai/OLMo-1B-hf,"By 1971, weather", conditions
allenai/OLMo-1B-hf,"By 1972, weather", conditions
allenai/OLMo-1B-hf,"By 1973, weather", conditions
allenai/OLMo-1B-hf,"By 1974, weather", was
allenai/OLMo-1B-hf,"By 1975, weather",ing
allenai/OLMo-1B-hf,"By 1976, weather",ing
allenai/OLMo-1B-hf,"By 1977, weather", was
allenai/OLMo-1B-hf,"By 1978, weather", was
allenai/OLMo-1B-hf,"By 1979, weather",ing
allenai/OLMo-1B-hf,"By 1980, weather",ing
allenai/OLMo-1B-hf,"By 1981, weather", was
allenai/OLMo-1B-hf,"By 1982, weather", was
allenai/OLMo-1B-hf,"By 1983, weather",ing
allenai/OLMo-1B-hf,"By 1984, weather", was
allenai/OLMo-1B-hf,"By 1985, weather",ing
allenai/OLMo-1B-hf,"By 1986, weather",ing
allenai/OLMo-1B-hf,"By 1987, weather",ing
allenai/OLMo-1B-hf,"By 1988, weather",ing
allenai/OLMo-1B-hf,"By 1989, weather",ing
allenai/OLMo-1B-hf,"By 1990, weather",ing
allenai/OLMo-1B-hf,"By 1991, weather",ing
allenai/OLMo-1B-hf,"By 1992, weather",ing
allenai/OLMo-1B-hf,"By 1993, weather",ing
allenai/OLMo-1B-hf,"By 1994, weather",ing
allenai/OLMo-1B-hf,"By 1995, weather",ing
allenai/OLMo-1B-hf,"By 1996, weather",ing
allenai/OLMo-1B-hf,"By 1997, weather",ing
allenai/OLMo-1B-hf,"By 1998, weather",ing
allenai/OLMo-1B-hf,"By 1999, weather",ing
allenai/OLMo-1B-hf,"By 2000, weather",ing
allenai/OLMo-1B-hf,"By 2001, weather", and
allenai/OLMo-1B-hf,"By 2002, weather",ing
allenai/OLMo-1B-hf,"By 2003, weather",ing
allenai/OLMo-1B-hf,"By 2004, weather",ing
allenai/OLMo-1B-hf,"By 2005, weather", and
allenai/OLMo-1B-hf,"By 2006, weather", conditions
allenai/OLMo-1B-hf,"By 2007, weather", conditions
allenai/OLMo-1B-hf,"By 2008, weather", conditions
allenai/OLMo-1B-hf,"By 2009, weather", conditions
allenai/OLMo-1B-hf,"By 2010, weather", and
allenai/OLMo-1B-hf,"By 2011, weather", conditions
allenai/OLMo-1B-hf,"By 2012, weather", conditions
allenai/OLMo-1B-hf,"By 2013, weather", conditions
allenai/OLMo-1B-hf,"By 2014, weather", conditions
allenai/OLMo-1B-hf,"By 2015, weather", conditions
allenai/OLMo-1B-hf,"By 2016, weather", and
allenai/OLMo-1B-hf,"By 2017, weather", and
allenai/OLMo-1B-hf,"By 2018, weather", and
allenai/OLMo-1B-hf,"By 2019, weather", and
allenai/OLMo-1B-hf,"By 2020, weather", and
allenai/OLMo-1B-hf,"By 2021, weather", and
allenai/OLMo-1B-hf,"By 2022, weather",-
allenai/OLMo-1B-hf,"By 2023, weather",-
allenai/OLMo-1B-hf,"By 2024, weather",-
allenai/OLMo-1B-hf,"By 2025, weather",-
allenai/OLMo-1B-hf,"By 2026, weather",-
allenai/OLMo-1B-hf,"By 2027, weather",ing
allenai/OLMo-1B-hf,"By 2028, weather",ing
allenai/OLMo-1B-hf,"By 2029, weather",ing
allenai/OLMo-1B-hf,"By 2030, weather",-
allenai/OLMo-1B-hf,"By 2031, weather",ing
allenai/OLMo-1B-hf,"By 2032, weather",ing
allenai/OLMo-1B-hf,"By 2033, weather",-
allenai/OLMo-1B-hf,"By 2034, weather",ing
allenai/OLMo-1B-hf,"By 2035, weather",-
allenai/OLMo-1B-hf,"By 2036, weather",ing
allenai/OLMo-1B-hf,"By 2037, weather",ing
allenai/OLMo-1B-hf,"By 2038, weather",ing
allenai/OLMo-1B-hf,"By 2039, weather",ing
allenai/OLMo-1B-hf,"By 2040, weather",-
allenai/OLMo-1B-hf,"By 2041, weather",ing
allenai/OLMo-1B-hf,"By 2042, weather",ing
allenai/OLMo-1B-hf,"By 2043, weather",ing
allenai/OLMo-1B-hf,"By 2044, weather",ing
allenai/OLMo-1B-hf,"By 2045, weather",ing
allenai/OLMo-1B-hf,"By 2046, weather",ing
allenai/OLMo-1B-hf,"By 2047, weather",ing
allenai/OLMo-1B-hf,"By 2048, weather",ing
allenai/OLMo-1B-hf,"By 2049, weather",ing
allenai/OLMo-1B-hf,"By 2050, weather",-
allenai/OLMo-1B-hf,"Today, in 1950, literature", was
allenai/OLMo-1B-hf,"Today, in 1951, literature", was
allenai/OLMo-1B-hf,"Today, in 1952, literature", was
allenai/OLMo-1B-hf,"Today, in 1953, literature", was
allenai/OLMo-1B-hf,"Today, in 1954, literature", was
allenai/OLMo-1B-hf,"Today, in 1955, literature", was
allenai/OLMo-1B-hf,"Today, in 1956, literature", was
allenai/OLMo-1B-hf,"Today, in 1957, literature", was
allenai/OLMo-1B-hf,"Today, in 1958, literature", was
allenai/OLMo-1B-hf,"Today, in 1959, literature", was
allenai/OLMo-1B-hf,"Today, in 1960, literature", was
allenai/OLMo-1B-hf,"Today, in 1961, literature", was
allenai/OLMo-1B-hf,"Today, in 1962, literature", was
allenai/OLMo-1B-hf,"Today, in 1963, literature", was
allenai/OLMo-1B-hf,"Today, in 1964, literature", was
allenai/OLMo-1B-hf,"Today, in 1965, literature", was
allenai/OLMo-1B-hf,"Today, in 1966, literature", was
allenai/OLMo-1B-hf,"Today, in 1967, literature", was
allenai/OLMo-1B-hf,"Today, in 1968, literature", was
allenai/OLMo-1B-hf,"Today, in 1969, literature", was
allenai/OLMo-1B-hf,"Today, in 1970, literature", was
allenai/OLMo-1B-hf,"Today, in 1971, literature", was
allenai/OLMo-1B-hf,"Today, in 1972, literature", was
allenai/OLMo-1B-hf,"Today, in 1973, literature", was
allenai/OLMo-1B-hf,"Today, in 1974, literature", was
allenai/OLMo-1B-hf,"Today, in 1975, literature", was
allenai/OLMo-1B-hf,"Today, in 1976, literature", was
allenai/OLMo-1B-hf,"Today, in 1977, literature", was
allenai/OLMo-1B-hf,"Today, in 1978, literature", was
allenai/OLMo-1B-hf,"Today, in 1979, literature", was
allenai/OLMo-1B-hf,"Today, in 1980, literature", was
allenai/OLMo-1B-hf,"Today, in 1981, literature", was
allenai/OLMo-1B-hf,"Today, in 1982, literature", was
allenai/OLMo-1B-hf,"Today, in 1983, literature", was
allenai/OLMo-1B-hf,"Today, in 1984, literature", is
allenai/OLMo-1B-hf,"Today, in 1985, literature", is
allenai/OLMo-1B-hf,"Today, in 1986, literature", is
allenai/OLMo-1B-hf,"Today, in 1987, literature", was
allenai/OLMo-1B-hf,"Today, in 1988, literature", was
allenai/OLMo-1B-hf,"Today, in 1989, literature", is
allenai/OLMo-1B-hf,"Today, in 1990, literature", was
allenai/OLMo-1B-hf,"Today, in 1991, literature", was
allenai/OLMo-1B-hf,"Today, in 1992, literature", was
allenai/OLMo-1B-hf,"Today, in 1993, literature", was
allenai/OLMo-1B-hf,"Today, in 1994, literature", was
allenai/OLMo-1B-hf,"Today, in 1995, literature", is
allenai/OLMo-1B-hf,"Today, in 1996, literature", is
allenai/OLMo-1B-hf,"Today, in 1997, literature", is
allenai/OLMo-1B-hf,"Today, in 1998, literature", is
allenai/OLMo-1B-hf,"Today, in 1999, literature", is
allenai/OLMo-1B-hf,"Today, in 2000, literature", is
allenai/OLMo-1B-hf,"Today, in 2001, literature", is
allenai/OLMo-1B-hf,"Today, in 2002, literature", is
allenai/OLMo-1B-hf,"Today, in 2003, literature", is
allenai/OLMo-1B-hf,"Today, in 2004, literature", is
allenai/OLMo-1B-hf,"Today, in 2005, literature", is
allenai/OLMo-1B-hf,"Today, in 2006, literature", is
allenai/OLMo-1B-hf,"Today, in 2007, literature", is
allenai/OLMo-1B-hf,"Today, in 2008, literature", is
allenai/OLMo-1B-hf,"Today, in 2009, literature", is
allenai/OLMo-1B-hf,"Today, in 2010, literature", is
allenai/OLMo-1B-hf,"Today, in 2011, literature", is
allenai/OLMo-1B-hf,"Today, in 2012, literature", is
allenai/OLMo-1B-hf,"Today, in 2013, literature", is
allenai/OLMo-1B-hf,"Today, in 2014, literature", is
allenai/OLMo-1B-hf,"Today, in 2015, literature", is
allenai/OLMo-1B-hf,"Today, in 2016, literature", is
allenai/OLMo-1B-hf,"Today, in 2017, literature", is
allenai/OLMo-1B-hf,"Today, in 2018, literature", is
allenai/OLMo-1B-hf,"Today, in 2019, literature", is
allenai/OLMo-1B-hf,"Today, in 2020, literature", is
allenai/OLMo-1B-hf,"Today, in 2021, literature", is
allenai/OLMo-1B-hf,"Today, in 2022, literature", is
allenai/OLMo-1B-hf,"Today, in 2023, literature", is
allenai/OLMo-1B-hf,"Today, in 2024, literature", is
allenai/OLMo-1B-hf,"Today, in 2025, literature", is
allenai/OLMo-1B-hf,"Today, in 2026, literature", is
allenai/OLMo-1B-hf,"Today, in 2027, literature", is
allenai/OLMo-1B-hf,"Today, in 2028, literature", is
allenai/OLMo-1B-hf,"Today, in 2029, literature", is
allenai/OLMo-1B-hf,"Today, in 2030, literature", is
allenai/OLMo-1B-hf,"Today, in 2031, literature", is
allenai/OLMo-1B-hf,"Today, in 2032, literature", is
allenai/OLMo-1B-hf,"Today, in 2033, literature", is
allenai/OLMo-1B-hf,"Today, in 2034, literature", is
allenai/OLMo-1B-hf,"Today, in 2035, literature", is
allenai/OLMo-1B-hf,"Today, in 2036, literature", is
allenai/OLMo-1B-hf,"Today, in 2037, literature", is
allenai/OLMo-1B-hf,"Today, in 2038, literature", is
allenai/OLMo-1B-hf,"Today, in 2039, literature", is
allenai/OLMo-1B-hf,"Today, in 2040, literature", is
allenai/OLMo-1B-hf,"Today, in 2041, literature", is
allenai/OLMo-1B-hf,"Today, in 2042, literature", is
allenai/OLMo-1B-hf,"Today, in 2043, literature", is
allenai/OLMo-1B-hf,"Today, in 2044, literature", is
allenai/OLMo-1B-hf,"Today, in 2045, literature", is
allenai/OLMo-1B-hf,"Today, in 2046, literature", is
allenai/OLMo-1B-hf,"Today, in 2047, literature", is
allenai/OLMo-1B-hf,"Today, in 2048, literature", is
allenai/OLMo-1B-hf,"Today, in 2049, literature", is
allenai/OLMo-1B-hf,"Today, in 2050, literature", is
allenai/OLMo-1B-hf,"Yesterday, in 1950, space travel", was
allenai/OLMo-1B-hf,"Yesterday, in 1951, space travel", was
allenai/OLMo-1B-hf,"Yesterday, in 1952, space travel", was
allenai/OLMo-1B-hf,"Yesterday, in 1953, space travel", was
allenai/OLMo-1B-hf,"Yesterday, in 1954, space travel", was
allenai/OLMo-1B-hf,"Yesterday, in 1955, space travel", was
allenai/OLMo-1B-hf,"Yesterday, in 1956, space travel", was
allenai/OLMo-1B-hf,"Yesterday, in 1957, space travel", was
allenai/OLMo-1B-hf,"Yesterday, in 1958, space travel", was
allenai/OLMo-1B-hf,"Yesterday, in 1959, space travel", was
allenai/OLMo-1B-hf,"Yesterday, in 1960, space travel", was
allenai/OLMo-1B-hf,"Yesterday, in 1961, space travel", was
allenai/OLMo-1B-hf,"Yesterday, in 1962, space travel", was
allenai/OLMo-1B-hf,"Yesterday, in 1963, space travel", was
allenai/OLMo-1B-hf,"Yesterday, in 1964, space travel", was
allenai/OLMo-1B-hf,"Yesterday, in 1965, space travel", was
allenai/OLMo-1B-hf,"Yesterday, in 1966, space travel", was
allenai/OLMo-1B-hf,"Yesterday, in 1967, space travel", was
allenai/OLMo-1B-hf,"Yesterday, in 1968, space travel", was
allenai/OLMo-1B-hf,"Yesterday, in 1969, space travel", was
allenai/OLMo-1B-hf,"Yesterday, in 1970, space travel", was
allenai/OLMo-1B-hf,"Yesterday, in 1971, space travel", was
allenai/OLMo-1B-hf,"Yesterday, in 1972, space travel", was
allenai/OLMo-1B-hf,"Yesterday, in 1973, space travel", was
allenai/OLMo-1B-hf,"Yesterday, in 1974, space travel", was
allenai/OLMo-1B-hf,"Yesterday, in 1975, space travel", was
allenai/OLMo-1B-hf,"Yesterday, in 1976, space travel", was
allenai/OLMo-1B-hf,"Yesterday, in 1977, space travel", was
allenai/OLMo-1B-hf,"Yesterday, in 1978, space travel", was
allenai/OLMo-1B-hf,"Yesterday, in 1979, space travel", was
allenai/OLMo-1B-hf,"Yesterday, in 1980, space travel", was
allenai/OLMo-1B-hf,"Yesterday, in 1981, space travel", was
allenai/OLMo-1B-hf,"Yesterday, in 1982, space travel", was
allenai/OLMo-1B-hf,"Yesterday, in 1983, space travel", was
allenai/OLMo-1B-hf,"Yesterday, in 1984, space travel", was
allenai/OLMo-1B-hf,"Yesterday, in 1985, space travel", was
allenai/OLMo-1B-hf,"Yesterday, in 1986, space travel", was
allenai/OLMo-1B-hf,"Yesterday, in 1987, space travel", was
allenai/OLMo-1B-hf,"Yesterday, in 1988, space travel", was
allenai/OLMo-1B-hf,"Yesterday, in 1989, space travel", was
allenai/OLMo-1B-hf,"Yesterday, in 1990, space travel", was
allenai/OLMo-1B-hf,"Yesterday, in 1991, space travel", was
allenai/OLMo-1B-hf,"Yesterday, in 1992, space travel", was
allenai/OLMo-1B-hf,"Yesterday, in 1993, space travel", was
allenai/OLMo-1B-hf,"Yesterday, in 1994, space travel", was
allenai/OLMo-1B-hf,"Yesterday, in 1995, space travel", was
allenai/OLMo-1B-hf,"Yesterday, in 1996, space travel", was
allenai/OLMo-1B-hf,"Yesterday, in 1997, space travel", was
allenai/OLMo-1B-hf,"Yesterday, in 1998, space travel", was
allenai/OLMo-1B-hf,"Yesterday, in 1999, space travel", was
allenai/OLMo-1B-hf,"Yesterday, in 2000, space travel", was
allenai/OLMo-1B-hf,"Yesterday, in 2001, space travel", was
allenai/OLMo-1B-hf,"Yesterday, in 2002, space travel", was
allenai/OLMo-1B-hf,"Yesterday, in 2003, space travel", was
allenai/OLMo-1B-hf,"Yesterday, in 2004, space travel", was
allenai/OLMo-1B-hf,"Yesterday, in 2005, space travel", was
allenai/OLMo-1B-hf,"Yesterday, in 2006, space travel", was
allenai/OLMo-1B-hf,"Yesterday, in 2007, space travel", was
allenai/OLMo-1B-hf,"Yesterday, in 2008, space travel", was
allenai/OLMo-1B-hf,"Yesterday, in 2009, space travel", was
allenai/OLMo-1B-hf,"Yesterday, in 2010, space travel", was
allenai/OLMo-1B-hf,"Yesterday, in 2011, space travel", was
allenai/OLMo-1B-hf,"Yesterday, in 2012, space travel", was
allenai/OLMo-1B-hf,"Yesterday, in 2013, space travel", was
allenai/OLMo-1B-hf,"Yesterday, in 2014, space travel", was
allenai/OLMo-1B-hf,"Yesterday, in 2015, space travel", was
allenai/OLMo-1B-hf,"Yesterday, in 2016, space travel", was
allenai/OLMo-1B-hf,"Yesterday, in 2017, space travel", was
allenai/OLMo-1B-hf,"Yesterday, in 2018, space travel", was
allenai/OLMo-1B-hf,"Yesterday, in 2019, space travel", was
allenai/OLMo-1B-hf,"Yesterday, in 2020, space travel", was
allenai/OLMo-1B-hf,"Yesterday, in 2021, space travel", was
allenai/OLMo-1B-hf,"Yesterday, in 2022, space travel", is
allenai/OLMo-1B-hf,"Yesterday, in 2023, space travel", will
allenai/OLMo-1B-hf,"Yesterday, in 2024, space travel", will
allenai/OLMo-1B-hf,"Yesterday, in 2025, space travel", will
allenai/OLMo-1B-hf,"Yesterday, in 2026, space travel", will
allenai/OLMo-1B-hf,"Yesterday, in 2027, space travel", will
allenai/OLMo-1B-hf,"Yesterday, in 2028, space travel", will
allenai/OLMo-1B-hf,"Yesterday, in 2029, space travel", will
allenai/OLMo-1B-hf,"Yesterday, in 2030, space travel", will
allenai/OLMo-1B-hf,"Yesterday, in 2031, space travel", will
allenai/OLMo-1B-hf,"Yesterday, in 2032, space travel", will
allenai/OLMo-1B-hf,"Yesterday, in 2033, space travel", will
allenai/OLMo-1B-hf,"Yesterday, in 2034, space travel", is
allenai/OLMo-1B-hf,"Yesterday, in 2035, space travel", will
allenai/OLMo-1B-hf,"Yesterday, in 2036, space travel", will
allenai/OLMo-1B-hf,"Yesterday, in 2037, space travel", will
allenai/OLMo-1B-hf,"Yesterday, in 2038, space travel", will
allenai/OLMo-1B-hf,"Yesterday, in 2039, space travel", is
allenai/OLMo-1B-hf,"Yesterday, in 2040, space travel", will
allenai/OLMo-1B-hf,"Yesterday, in 2041, space travel", is
allenai/OLMo-1B-hf,"Yesterday, in 2042, space travel", is
allenai/OLMo-1B-hf,"Yesterday, in 2043, space travel", is
allenai/OLMo-1B-hf,"Yesterday, in 2044, space travel", will
allenai/OLMo-1B-hf,"Yesterday, in 2045, space travel", will
allenai/OLMo-1B-hf,"Yesterday, in 2046, space travel", is
allenai/OLMo-1B-hf,"Yesterday, in 2047, space travel", will
allenai/OLMo-1B-hf,"Yesterday, in 2048, space travel", is
allenai/OLMo-1B-hf,"Yesterday, in 2049, space travel", is
allenai/OLMo-1B-hf,"Yesterday, in 2050, space travel", will
allenai/OLMo-1B-hf,"As of 1950, it", was
allenai/OLMo-1B-hf,"As of 1951, it", was
allenai/OLMo-1B-hf,"As of 1952, it", was
allenai/OLMo-1B-hf,"As of 1953, it", was
allenai/OLMo-1B-hf,"As of 1954, it", was
allenai/OLMo-1B-hf,"As of 1955, it", was
allenai/OLMo-1B-hf,"As of 1956, it", was
allenai/OLMo-1B-hf,"As of 1957, it", was
allenai/OLMo-1B-hf,"As of 1958, it", was
allenai/OLMo-1B-hf,"As of 1959, it", was
allenai/OLMo-1B-hf,"As of 1960, it", was
allenai/OLMo-1B-hf,"As of 1961, it", was
allenai/OLMo-1B-hf,"As of 1962, it", was
allenai/OLMo-1B-hf,"As of 1963, it", was
allenai/OLMo-1B-hf,"As of 1964, it", was
allenai/OLMo-1B-hf,"As of 1965, it", was
allenai/OLMo-1B-hf,"As of 1966, it", was
allenai/OLMo-1B-hf,"As of 1967, it", was
allenai/OLMo-1B-hf,"As of 1968, it", was
allenai/OLMo-1B-hf,"As of 1969, it", was
allenai/OLMo-1B-hf,"As of 1970, it", was
allenai/OLMo-1B-hf,"As of 1971, it", was
allenai/OLMo-1B-hf,"As of 1972, it", was
allenai/OLMo-1B-hf,"As of 1973, it", was
allenai/OLMo-1B-hf,"As of 1974, it", was
allenai/OLMo-1B-hf,"As of 1975, it", was
allenai/OLMo-1B-hf,"As of 1976, it", was
allenai/OLMo-1B-hf,"As of 1977, it", was
allenai/OLMo-1B-hf,"As of 1978, it", was
allenai/OLMo-1B-hf,"As of 1979, it", was
allenai/OLMo-1B-hf,"As of 1980, it", was
allenai/OLMo-1B-hf,"As of 1981, it", was
allenai/OLMo-1B-hf,"As of 1982, it", was
allenai/OLMo-1B-hf,"As of 1983, it", was
allenai/OLMo-1B-hf,"As of 1984, it", was
allenai/OLMo-1B-hf,"As of 1985, it", was
allenai/OLMo-1B-hf,"As of 1986, it", was
allenai/OLMo-1B-hf,"As of 1987, it", was
allenai/OLMo-1B-hf,"As of 1988, it", was
allenai/OLMo-1B-hf,"As of 1989, it", was
allenai/OLMo-1B-hf,"As of 1990, it", was
allenai/OLMo-1B-hf,"As of 1991, it", was
allenai/OLMo-1B-hf,"As of 1992, it", was
allenai/OLMo-1B-hf,"As of 1993, it", was
allenai/OLMo-1B-hf,"As of 1994, it", was
allenai/OLMo-1B-hf,"As of 1995, it", was
allenai/OLMo-1B-hf,"As of 1996, it", was
allenai/OLMo-1B-hf,"As of 1997, it", was
allenai/OLMo-1B-hf,"As of 1998, it", was
allenai/OLMo-1B-hf,"As of 1999, it", was
allenai/OLMo-1B-hf,"As of 2000, it", was
allenai/OLMo-1B-hf,"As of 2001, it", is
allenai/OLMo-1B-hf,"As of 2002, it", is
allenai/OLMo-1B-hf,"As of 2003, it", is
allenai/OLMo-1B-hf,"As of 2004, it", is
allenai/OLMo-1B-hf,"As of 2005, it", is
allenai/OLMo-1B-hf,"As of 2006, it", is
allenai/OLMo-1B-hf,"As of 2007, it", is
allenai/OLMo-1B-hf,"As of 2008, it", is
allenai/OLMo-1B-hf,"As of 2009, it", is
allenai/OLMo-1B-hf,"As of 2010, it", is
allenai/OLMo-1B-hf,"As of 2011, it", is
allenai/OLMo-1B-hf,"As of 2012, it", is
allenai/OLMo-1B-hf,"As of 2013, it", is
allenai/OLMo-1B-hf,"As of 2014, it", is
allenai/OLMo-1B-hf,"As of 2015, it", is
allenai/OLMo-1B-hf,"As of 2016, it", is
allenai/OLMo-1B-hf,"As of 2017, it", is
allenai/OLMo-1B-hf,"As of 2018, it", is
allenai/OLMo-1B-hf,"As of 2019, it", is
allenai/OLMo-1B-hf,"As of 2020, it", is
allenai/OLMo-1B-hf,"As of 2021, it", is
allenai/OLMo-1B-hf,"As of 2022, it", is
allenai/OLMo-1B-hf,"As of 2023, it", is
allenai/OLMo-1B-hf,"As of 2024, it", is
allenai/OLMo-1B-hf,"As of 2025, it", is
allenai/OLMo-1B-hf,"As of 2026, it", is
allenai/OLMo-1B-hf,"As of 2027, it", is
allenai/OLMo-1B-hf,"As of 2028, it", is
allenai/OLMo-1B-hf,"As of 2029, it", is
allenai/OLMo-1B-hf,"As of 2030, it", is
allenai/OLMo-1B-hf,"As of 2031, it", is
allenai/OLMo-1B-hf,"As of 2032, it", is
allenai/OLMo-1B-hf,"As of 2033, it", is
allenai/OLMo-1B-hf,"As of 2034, it", is
allenai/OLMo-1B-hf,"As of 2035, it", is
allenai/OLMo-1B-hf,"As of 2036, it", is
allenai/OLMo-1B-hf,"As of 2037, it", is
allenai/OLMo-1B-hf,"As of 2038, it", is
allenai/OLMo-1B-hf,"As of 2039, it", is
allenai/OLMo-1B-hf,"As of 2040, it", is
allenai/OLMo-1B-hf,"As of 2041, it", is
allenai/OLMo-1B-hf,"As of 2042, it", is
allenai/OLMo-1B-hf,"As of 2043, it", is
allenai/OLMo-1B-hf,"As of 2044, it", is
allenai/OLMo-1B-hf,"As of 2045, it", is
allenai/OLMo-1B-hf,"As of 2046, it", is
allenai/OLMo-1B-hf,"As of 2047, it", is
allenai/OLMo-1B-hf,"As of 2048, it", is
allenai/OLMo-1B-hf,"As of 2049, it", is
allenai/OLMo-1B-hf,"As of 2050, it", is
allenai/OLMo-1B-hf,"In 1950, after the school bell, he", would
allenai/OLMo-1B-hf,"In 1951, after the school bell, he", went
allenai/OLMo-1B-hf,"In 1952, after the school bell, he", went
allenai/OLMo-1B-hf,"In 1953, after the school bell, he", went
allenai/OLMo-1B-hf,"In 1954, after the school bell, he", would
allenai/OLMo-1B-hf,"In 1955, after the school bell, he", would
allenai/OLMo-1B-hf,"In 1956, after the school bell, he", went
allenai/OLMo-1B-hf,"In 1957, after the school bell, he", went
allenai/OLMo-1B-hf,"In 1958, after the school bell, he", went
allenai/OLMo-1B-hf,"In 1959, after the school bell, he", went
allenai/OLMo-1B-hf,"In 1960, after the school bell, he", would
allenai/OLMo-1B-hf,"In 1961, after the school bell, he", would
allenai/OLMo-1B-hf,"In 1962, after the school bell, he", went
allenai/OLMo-1B-hf,"In 1963, after the school bell, he", would
allenai/OLMo-1B-hf,"In 1964, after the school bell, he", would
allenai/OLMo-1B-hf,"In 1965, after the school bell, he", would
allenai/OLMo-1B-hf,"In 1966, after the school bell, he", would
allenai/OLMo-1B-hf,"In 1967, after the school bell, he", went
allenai/OLMo-1B-hf,"In 1968, after the school bell, he", went
allenai/OLMo-1B-hf,"In 1969, after the school bell, he", went
allenai/OLMo-1B-hf,"In 1970, after the school bell, he", would
allenai/OLMo-1B-hf,"In 1971, after the school bell, he", went
allenai/OLMo-1B-hf,"In 1972, after the school bell, he", went
allenai/OLMo-1B-hf,"In 1973, after the school bell, he", went
allenai/OLMo-1B-hf,"In 1974, after the school bell, he", went
allenai/OLMo-1B-hf,"In 1975, after the school bell, he", would
allenai/OLMo-1B-hf,"In 1976, after the school bell, he", went
allenai/OLMo-1B-hf,"In 1977, after the school bell, he", went
allenai/OLMo-1B-hf,"In 1978, after the school bell, he", would
allenai/OLMo-1B-hf,"In 1979, after the school bell, he", would
allenai/OLMo-1B-hf,"In 1980, after the school bell, he", went
allenai/OLMo-1B-hf,"In 1981, after the school bell, he", went
allenai/OLMo-1B-hf,"In 1982, after the school bell, he", went
allenai/OLMo-1B-hf,"In 1983, after the school bell, he", went
allenai/OLMo-1B-hf,"In 1984, after the school bell, he", went
allenai/OLMo-1B-hf,"In 1985, after the school bell, he", went
allenai/OLMo-1B-hf,"In 1986, after the school bell, he", went
allenai/OLMo-1B-hf,"In 1987, after the school bell, he", went
allenai/OLMo-1B-hf,"In 1988, after the school bell, he", went
allenai/OLMo-1B-hf,"In 1989, after the school bell, he", went
allenai/OLMo-1B-hf,"In 1990, after the school bell, he", went
allenai/OLMo-1B-hf,"In 1991, after the school bell, he", went
allenai/OLMo-1B-hf,"In 1992, after the school bell, he", went
allenai/OLMo-1B-hf,"In 1993, after the school bell, he", went
allenai/OLMo-1B-hf,"In 1994, after the school bell, he", went
allenai/OLMo-1B-hf,"In 1995, after the school bell, he", went
allenai/OLMo-1B-hf,"In 1996, after the school bell, he", went
allenai/OLMo-1B-hf,"In 1997, after the school bell, he", went
allenai/OLMo-1B-hf,"In 1998, after the school bell, he", went
allenai/OLMo-1B-hf,"In 1999, after the school bell, he", went
allenai/OLMo-1B-hf,"In 2000, after the school bell, he", went
allenai/OLMo-1B-hf,"In 2001, after the school bell, he", went
allenai/OLMo-1B-hf,"In 2002, after the school bell, he", went
allenai/OLMo-1B-hf,"In 2003, after the school bell, he", went
allenai/OLMo-1B-hf,"In 2004, after the school bell, he", went
allenai/OLMo-1B-hf,"In 2005, after the school bell, he", went
allenai/OLMo-1B-hf,"In 2006, after the school bell, he", went
allenai/OLMo-1B-hf,"In 2007, after the school bell, he", was
allenai/OLMo-1B-hf,"In 2008, after the school bell, he", went
allenai/OLMo-1B-hf,"In 2009, after the school bell, he", was
allenai/OLMo-1B-hf,"In 2010, after the school bell, he", was
allenai/OLMo-1B-hf,"In 2011, after the school bell, he", was
allenai/OLMo-1B-hf,"In 2012, after the school bell, he", went
allenai/OLMo-1B-hf,"In 2013, after the school bell, he", was
allenai/OLMo-1B-hf,"In 2014, after the school bell, he", was
allenai/OLMo-1B-hf,"In 2015, after the school bell, he", was
allenai/OLMo-1B-hf,"In 2016, after the school bell, he", was
allenai/OLMo-1B-hf,"In 2017, after the school bell, he", was
allenai/OLMo-1B-hf,"In 2018, after the school bell, he", was
allenai/OLMo-1B-hf,"In 2019, after the school bell, he", went
allenai/OLMo-1B-hf,"In 2020, after the school bell, he", went
allenai/OLMo-1B-hf,"In 2021, after the school bell, he", went
allenai/OLMo-1B-hf,"In 2022, after the school bell, he", will
allenai/OLMo-1B-hf,"In 2023, after the school bell, he", will
allenai/OLMo-1B-hf,"In 2024, after the school bell, he", will
allenai/OLMo-1B-hf,"In 2025, after the school bell, he", will
allenai/OLMo-1B-hf,"In 2026, after the school bell, he", will
allenai/OLMo-1B-hf,"In 2027, after the school bell, he", will
allenai/OLMo-1B-hf,"In 2028, after the school bell, he", will
allenai/OLMo-1B-hf,"In 2029, after the school bell, he", will
allenai/OLMo-1B-hf,"In 2030, after the school bell, he", will
allenai/OLMo-1B-hf,"In 2031, after the school bell, he", will
allenai/OLMo-1B-hf,"In 2032, after the school bell, he", will
allenai/OLMo-1B-hf,"In 2033, after the school bell, he", will
allenai/OLMo-1B-hf,"In 2034, after the school bell, he", will
allenai/OLMo-1B-hf,"In 2035, after the school bell, he", will
allenai/OLMo-1B-hf,"In 2036, after the school bell, he", will
allenai/OLMo-1B-hf,"In 2037, after the school bell, he", will
allenai/OLMo-1B-hf,"In 2038, after the school bell, he", will
allenai/OLMo-1B-hf,"In 2039, after the school bell, he", will
allenai/OLMo-1B-hf,"In 2040, after the school bell, he", will
allenai/OLMo-1B-hf,"In 2041, after the school bell, he", will
allenai/OLMo-1B-hf,"In 2042, after the school bell, he", was
allenai/OLMo-1B-hf,"In 2043, after the school bell, he", was
allenai/OLMo-1B-hf,"In 2044, after the school bell, he", will
allenai/OLMo-1B-hf,"In 2045, after the school bell, he", will
allenai/OLMo-1B-hf,"In 2046, after the school bell, he", will
allenai/OLMo-1B-hf,"In 2047, after the school bell, he", was
allenai/OLMo-1B-hf,"In 2048, after the school bell, he", was
allenai/OLMo-1B-hf,"In 2049, after the school bell, he", will
allenai/OLMo-1B-hf,"In 2050, after the school bell, he", will
