column_1|column_2|column_3
meta-llama/Llama-3.2-1B|The current president of the US is George Washington. The name of the president 10 years ago was| George Bush. The name of the president 20 years ago was George Bush. The name of the president 30 years ago
meta-llama/Llama-3.2-1B|George Washington is the current U.S. president. The name of the U.S. president 10 years ago was| George W. Bush. The name of the U.S. president 5 years ago was George W. Bush. The name
meta-llama/Llama-3.2-1B|The name of the president 10 years before George Washington was| elected, and the name of the first president who was elected in the 10 years after Washington. (See also: Presidential
meta-llama/Llama-3.2-1B|US president George Washington was inaugurated today. The name of the president in office 10 years ago was|" Bill Clinton. Today, the name of the president in office 10 years from now is Barack Obama.
The name of the"
meta-llama/Llama-3.2-1B|The current president of the US is John Adams. The name of the president 10 years ago was| George W. Bush. The name of the president 20 years ago was Ronald Reagan. The name of the president 30
meta-llama/Llama-3.2-1B|John Adams is the current U.S. president. The name of the U.S. president 10 years ago was| George W. Bush. The name of the U.S. president 20 years ago was Bill Clinton. The name of the
meta-llama/Llama-3.2-1B|The name of the president 10 years before John Adams was| George Washington. The name of the first president who was not a member of the House of Representatives. The name of the first
meta-llama/Llama-3.2-1B|US president John Adams was inaugurated today. The name of the president in office 10 years ago was|" George W. Bush.
The inauguration ceremony began at 11:00 a.m. local time (17:00 UTC)"
meta-llama/Llama-3.2-1B|The current president of the US is Thomas Jefferson. The name of the president 10 years ago was| George W. Bush. He was the 43rd president of the United States. He was the son of George Bush and
meta-llama/Llama-3.2-1B|Thomas Jefferson is the current U.S. president. The name of the U.S. president 10 years ago was| George W. Bush. He is the current president of the United States. The name of the current president of the United States
meta-llama/Llama-3.2-1B|The name of the president 10 years before Thomas Jefferson was| president, is also the name of a president who was president of the United States for 10 years. Jefferson is the name
meta-llama/Llama-3.2-1B|US president Thomas Jefferson was inaugurated today. The name of the president in office 10 years ago was| George W. Bush. That was a time when the US was still recovering from the terrorist attacks of 9/11.
meta-llama/Llama-3.2-1B|The current president of the US is James Madison. The name of the president 10 years ago was| George W Bush. The name of the president 20 years ago was Bill Clinton. The name of the president 30 years
meta-llama/Llama-3.2-1B|James Madison is the current U.S. president. The name of the U.S. president 10 years ago was| Barack Obama. The U.S. president 20 years ago was Ronald Reagan. The U.S. president 30 years ago
meta-llama/Llama-3.2-1B|The name of the president 10 years before James Madison was| James Monroe. He was a U.S. Senator from Virginia from 1789 to 1794 and 1797 to
meta-llama/Llama-3.2-1B|US president James Madison was inaugurated today. The name of the president in office 10 years ago was| George W. Bush. This was a huge change, and it has been a big change in the way the United States has
meta-llama/Llama-3.2-1B|The current president of the US is James Monroe. The name of the president 10 years ago was|" George W. Bush. The president of the US in the year 2000 was Bill Clinton.
The current president of the"
meta-llama/Llama-3.2-1B|James Monroe is the current U.S. president. The name of the U.S. president 10 years ago was| George W. Bush. The name of the U.S. president 20 years ago was George H. W. Bush.
meta-llama/Llama-3.2-1B|The name of the president 10 years before James Monroe was|" Thomas Jefferson.
The name of the first president of the United States was George Washington. He was the first president of the United"
meta-llama/Llama-3.2-1B|US president James Monroe was inaugurated today. The name of the president in office 10 years ago was|" Bill Clinton.
US president James Monroe was inaugurated today. The name of the president in office 10 years ago was Bill"
meta-llama/Llama-3.2-1B|The current president of the US is John Quincy Adams. The name of the president 10 years ago was| George Bush. The president of the US in 1988 was Ronald Reagan. The president of the US in 1996
meta-llama/Llama-3.2-1B|John Quincy Adams is the current U.S. president. The name of the U.S. president 10 years ago was| George W. Bush. The name of the U.S. president 20 years ago was Jimmy Carter. The name of the
meta-llama/Llama-3.2-1B|The name of the president 10 years before John Quincy Adams was|" elected president of the United States was
A. Martin Van Buren
B. John Adams
C. James Monroe
"
meta-llama/Llama-3.2-1B|US president John Quincy Adams was inaugurated today. The name of the president in office 10 years ago was| George W. Bush. The inauguration of a president is a solemn ceremony, and the president-elect is also sworn to office.
meta-llama/Llama-3.2-1B|The current president of the US is Andrew Jackson. The name of the president 10 years ago was|" George W. Bush. The name of the president 10 years ago was George W. Bush.
The name of the president"
meta-llama/Llama-3.2-1B|Andrew Jackson is the current U.S. president. The name of the U.S. president 10 years ago was| George W. Bush. He was the 43rd president of the United States. He was the son of a president and
meta-llama/Llama-3.2-1B|The name of the president 10 years before Andrew Jackson was|" elected, was ""President"". In the 19th century, it was considered to be an appropriate title for the President of"
meta-llama/Llama-3.2-1B|US president Andrew Jackson was inaugurated today. The name of the president in office 10 years ago was| Bill Clinton. He was the first president in 100 years to be inaugurated in the capital of the United States. The
meta-llama/Llama-3.2-1B|The current president of the US is Martin Van Buren. The name of the president 10 years ago was| William McKinley. The president 20 years ago was Jimmy Carter. The president 30 years ago was Ronald Reagan. The
meta-llama/Llama-3.2-1B|Martin Van Buren is the current U.S. president. The name of the U.S. president 10 years ago was|" Gerald Ford.
Martin Van Buren was the 8th president of the United States. He was also the first president to"
meta-llama/Llama-3.2-1B|The name of the president 10 years before Martin Van Buren was|" born, the first president of the United States, was:
A. George Washington
B. Thomas Jefferson
C. James"
meta-llama/Llama-3.2-1B|US president Martin Van Buren was inaugurated today. The name of the president in office 10 years ago was| John Tyler, who was the second president of the US. The inauguration of the president was held at the Capitol. The inauguration
meta-llama/Llama-3.2-1B|The current president of the US is William Henry Harrison. The name of the president 10 years ago was| Bill Clinton. In 2000, the name of the president was George W. Bush. In 1992, the
meta-llama/Llama-3.2-1B|William Henry Harrison is the current U.S. president. The name of the U.S. president 10 years ago was| Bill Clinton. The name of the U.S. president 10 years ago was George W. Bush. The name of the
meta-llama/Llama-3.2-1B|The name of the president 10 years before William Henry Harrison was|" born in 1773. He was born in 1773.
The name of the president 10 years after William Henry"
meta-llama/Llama-3.2-1B|US president William Henry Harrison was inaugurated today. The name of the president in office 10 years ago was|10 years ago was Jimmy Carter. The new president is the first to be elected without the aid of a vice-president.
meta-llama/Llama-3.2-1B|The current president of the US is James K. Polk. The name of the president 10 years ago was|" Bill Clinton. The name of the president 10 years ago was Bill Clinton.
The current president of the US is James K"
meta-llama/Llama-3.2-1B|James K. Polk is the current U.S. president. The name of the U.S. president 10 years ago was| Bill Clinton. In 1992, he was elected to a second term as president. In 1993, he was
meta-llama/Llama-3.2-1B|The name of the president 10 years before James K. Polk was| the name of the first president of the United States, John Quincy Adams. He was the son of the second president, John
meta-llama/Llama-3.2-1B|US president James K. Polk was inaugurated today. The name of the president in office 10 years ago was|" Zachary Taylor.
President Polk was born in 1795 in Virginia. He was 24 when he became president."
meta-llama/Llama-3.2-1B|The current president of the US is Zachary Taylor. The name of the president 10 years ago was| Richard Nixon. The name of the president 20 years ago was Gerald Ford. The name of the president 30 years ago
meta-llama/Llama-3.2-1B|Zachary Taylor is the current U.S. president. The name of the U.S. president 10 years ago was| George W. Bush. The current president is George W. Bush. The current president is George W. Bush. The current
meta-llama/Llama-3.2-1B|The name of the president 10 years before Zachary Taylor was|" George Washington. He was the first to use the title ""President"" in the United States. The title was given to him"
meta-llama/Llama-3.2-1B|US president Zachary Taylor was inaugurated today. The name of the president in office 10 years ago was| Millard Fillmore. Today is the 10th anniversary of the 9/11 attacks. I don't think that
meta-llama/Llama-3.2-1B|The current president of the US is Franklin Pierce. The name of the president 10 years ago was| Lyndon B. Johnson. The name of the president 20 years ago was Gerald R. Ford. The name of the
meta-llama/Llama-3.2-1B|Franklin Pierce is the current U.S. president. The name of the U.S. president 10 years ago was| Franklin Pierce. The president is elected for a four-year term. The president is the commander-in-chief of the U.S.
meta-llama/Llama-3.2-1B|The name of the president 10 years before Franklin Pierce was| the name of the president of the United States. The name of the president 10 years before John Tyler was the name of
meta-llama/Llama-3.2-1B|US president Franklin Pierce was inaugurated today. The name of the president in office 10 years ago was| James Buchanan. The first inauguration of the 19th president of the United States took place in 1853. The inauguration
meta-llama/Llama-3.2-1B|The current president of the US is Abraham Lincoln. The name of the president 10 years ago was| Bill Clinton. The name of the president 20 years ago was George Bush. The name of the president 30 years ago
meta-llama/Llama-3.2-1B|Abraham Lincoln is the current U.S. president. The name of the U.S. president 10 years ago was| George W. Bush. The name of the U.S. president 5 years ago was George W. Bush. The name
meta-llama/Llama-3.2-1B|The name of the president 10 years before Abraham Lincoln was| elected president, and the name of the president who was elected president 10 years later. The name of the president 10
meta-llama/Llama-3.2-1B|US president Abraham Lincoln was inaugurated today. The name of the president in office 10 years ago was|"10 years ago was George W Bush.
The name of the president in office 10 years ago was George W Bush."
meta-llama/Llama-3.2-1B|The current president of the US is Ulysses S. Grant. The name of the president 10 years ago was| Richard Nixon. The name of the president 20 years ago was George Bush. The name of the president 30 years ago
meta-llama/Llama-3.2-1B|Ulysses S. Grant is the current U.S. president. The name of the U.S. president 10 years ago was|" Bill Clinton.
Ulysses S. Grant was the 18th president of the United States.
Ulysses"
meta-llama/Llama-3.2-1B|The name of the president 10 years before Ulysses S. Grant was|" elected to the presidency was
A. John C. Frémont
B. Martin Van Buren
C. William"
meta-llama/Llama-3.2-1B|US president Ulysses S. Grant was inaugurated today. The name of the president in office 10 years ago was|" Rutherford B. Hayes.
The new president is a native of Ohio. He was born in a log cabin in a remote"
meta-llama/Llama-3.2-1B|The current president of the US is Rutherford B. Hayes. The name of the president 10 years ago was| William McKinley. The current president of the US is Rutherford B. Hayes. The name of the president 10 years
meta-llama/Llama-3.2-1B|Rutherford B. Hayes is the current U.S. president. The name of the U.S. president 10 years ago was| Jimmy Carter. The name of the U.S. president 10 years from now will be George W. Bush. The name
meta-llama/Llama-3.2-1B|The name of the president 10 years before Rutherford B. Hayes was|" elected. The name of the president 10 years after Rutherford B. Hayes was elected.
The name of the president "
meta-llama/Llama-3.2-1B|US president Rutherford B. Hayes was inaugurated today. The name of the president in office 10 years ago was| Ulysses S. Grant. The first inaugural address of Grant was delivered at 1:30 p.m. today
meta-llama/Llama-3.2-1B|The current president of the US is James A. Garfield. The name of the president 10 years ago was| Jimmy Carter. The name of the president 20 years ago was Bill Clinton. The name of the president 30 years ago
meta-llama/Llama-3.2-1B|James A. Garfield is the current U.S. president. The name of the U.S. president 10 years ago was| William Clinton. His son is named William. The U.S. president 10 years ago was George W. Bush. His
meta-llama/Llama-3.2-1B|The name of the president 10 years before James A. Garfield was|" elected.
The name of the president 10 years before James A. Garfield was elected. The name of the president "
meta-llama/Llama-3.2-1B|US president James A. Garfield was inaugurated today. The name of the president in office 10 years ago was|" Ulysses S. Grant.
The ceremony took place in the Capitol building in Washington, DC. The inauguration ceremony is"
meta-llama/Llama-3.2-1B|The current president of the US is Chester A. Arthur. The name of the president 10 years ago was|" Grover Cleveland.
A. the president who is currently in office
B. the president who was elected in 1884"
meta-llama/Llama-3.2-1B|Chester A. Arthur is the current U.S. president. The name of the U.S. president 10 years ago was| Chester A. Arthur. Chester A. Arthur was the 21st president of the United States. He served from March 
meta-llama/Llama-3.2-1B|The name of the president 10 years before Chester A. Arthur was| William McKinley, but he was elected president of the United States in 1896. Arthur was the vice president of the
meta-llama/Llama-3.2-1B|US president Chester A. Arthur was inaugurated today. The name of the president in office 10 years ago was| Rutherford B. Hayes. The vice president was Henry A. Wilson. The Speaker of the House was David B. Hill
meta-llama/Llama-3.2-1B|The current president of the US is Benjamin Harrison. The name of the president 10 years ago was| Bill Clinton. The name of the president 20 years ago was George H.W. Bush. The name of the president 
meta-llama/Llama-3.2-1B|Benjamin Harrison is the current U.S. president. The name of the U.S. president 10 years ago was|" Bill Clinton.
President Benjamin Harrison was born on November 9, 1833. He was the son of U.S."
meta-llama/Llama-3.2-1B|The name of the president 10 years before Benjamin Harrison was| William McKinley. McKinley was assassinated on September 6, 1901, and the vice president, Theodore Roosevelt
meta-llama/Llama-3.2-1B|US president Benjamin Harrison was inaugurated today. The name of the president in office 10 years ago was|" James Garfield, who died in office in 1881.
The inauguration of a new president is an important event in the"
meta-llama/Llama-3.2-1B|The current president of the US is William McKinley. The name of the president 10 years ago was| William Jefferson Clinton. The name of the president 20 years ago was Ronald Wilson Reagan. The name of the president 30
meta-llama/Llama-3.2-1B|William McKinley is the current U.S. president. The name of the U.S. president 10 years ago was| Bill Clinton. The name of the U.S. president 20 years ago was George Bush. The name of the U.S
meta-llama/Llama-3.2-1B|The name of the president 10 years before William McKinley was|" assassinated. He was a member of the House of Representatives.
The name of the president 10 years before William McKinley"
meta-llama/Llama-3.2-1B|US president William McKinley was inaugurated today. The name of the president in office 10 years ago was| Theodore Roosevelt. He was elected for a second term in 1904. Roosevelt was the first president to be elected by popular
meta-llama/Llama-3.2-1B|The current president of the US is Theodore Roosevelt. The name of the president 10 years ago was| George W Bush. The name of the president 20 years ago was Bill Clinton. The name of the president 30 years
meta-llama/Llama-3.2-1B|Theodore Roosevelt is the current U.S. president. The name of the U.S. president 10 years ago was| George W. Bush. The name of the U.S. president 20 years ago was Bill Clinton. The name of the
meta-llama/Llama-3.2-1B|The name of the president 10 years before Theodore Roosevelt was| not Henry Clay. The name of the president 10 years after Theodore Roosevelt was not Woodrow Wilson. The name of the
meta-llama/Llama-3.2-1B|US president Theodore Roosevelt was inaugurated today. The name of the president in office 10 years ago was| George W. Bush. Today's inauguration is the 36th time that the US has had a president elected by the people
meta-llama/Llama-3.2-1B|The current president of the US is William Howard Taft. The name of the president 10 years ago was| Gerald Ford. The name of the president 20 years ago was Jimmy Carter. The name of the president 30 years ago
meta-llama/Llama-3.2-1B|William Howard Taft is the current U.S. president. The name of the U.S. president 10 years ago was| Richard Nixon. The name of the U.S. president 5 years ago was Bill Clinton. The name of the U.S
meta-llama/Llama-3.2-1B|The name of the president 10 years before William Howard Taft was| William McKinley. Taft was the 27th president of the United States. Taft was the son of a former
meta-llama/Llama-3.2-1B|US president William Howard Taft was inaugurated today. The name of the president in office 10 years ago was| Warren G. Harding. The name of the president in office 20 years ago was Harry S. Truman. And the name
meta-llama/Llama-3.2-1B|The current president of the US is Woodrow Wilson. The name of the president 10 years ago was| Ronald Reagan. The current president of the US is George W. Bush. The name of the president 10 years ago was
meta-llama/Llama-3.2-1B|Woodrow Wilson is the current U.S. president. The name of the U.S. president 10 years ago was| George Bush. The president is the leader of the United States. The president is elected by the people of the United States.
meta-llama/Llama-3.2-1B|The name of the president 10 years before Woodrow Wilson was|" elected. Wilson was elected in 1912.
The name of the president 10 years after Woodrow Wilson was elected."
meta-llama/Llama-3.2-1B|US president Woodrow Wilson was inaugurated today. The name of the president in office 10 years ago was| Barack Obama. The new president is 44 years old. He is the second black president. The first was Barack Obama.
meta-llama/Llama-3.2-1B|The current president of the US is Warren G. Harding. The name of the president 10 years ago was|" Harry S. Truman. What is the name of the president 10 years ago?
The name of the president 10 years"
meta-llama/Llama-3.2-1B|Warren G. Harding is the current U.S. president. The name of the U.S. president 10 years ago was|" Jimmy Carter. He was the 39th president of the United States.
The name of the U.S. president 10"
meta-llama/Llama-3.2-1B|The name of the president 10 years before Warren G. Harding was| “H. G. Wells.” The name of the vice president 10 years before Harding was “B. F. H
meta-llama/Llama-3.2-1B|US president Warren G. Harding was inaugurated today. The name of the president in office 10 years ago was|" Warren G. Harding. He was elected in 1920 and served until 1923.
Harding was born in T"
meta-llama/Llama-3.2-1B|The current president of the US is Calvin Coolidge. The name of the president 10 years ago was| Jimmy Carter. The name of the president 20 years ago was Ronald Reagan. The name of the president 30 years ago
meta-llama/Llama-3.2-1B|Calvin Coolidge is the current U.S. president. The name of the U.S. president 10 years ago was|" George Bush. What is the name of the U.S. president 10 years from now?
A. George Bush
B"
meta-llama/Llama-3.2-1B|The name of the president 10 years before Calvin Coolidge was|" Theodore Roosevelt.
A. 1921
B. 1923
C. 1925
D. 192"
meta-llama/Llama-3.2-1B|US president Calvin Coolidge was inaugurated today. The name of the president in office 10 years ago was| Warren G. Harding. He was the only president in the 20th century to be elected to a full term, and
meta-llama/Llama-3.2-1B|The current president of the US is Herbert Hoover. The name of the president 10 years ago was| Ronald Reagan. The current president of the US is George Bush. The name of the president 10 years ago was Bill Clinton
meta-llama/Llama-3.2-1B|Herbert Hoover is the current U.S. president. The name of the U.S. president 10 years ago was| George W. Bush. The name of the U.S. president 20 years ago was Ronald Reagan. The name of the
meta-llama/Llama-3.2-1B|The name of the president 10 years before Herbert Hoover was| President Herbert Hoover. He was elected in 1920. He was the 31st President of the United States. He
meta-llama/Llama-3.2-1B|US president Herbert Hoover was inaugurated today. The name of the president in office 10 years ago was| Warren Harding. The name of the first president in office 10 years ago was Richard Nixon. The name of the first president
meta-llama/Llama-3.2-1B|The current president of the US is Franklin D. Roosevelt. The name of the president 10 years ago was| Ronald Reagan. The name of the president 10 years from now will be George W. Bush. What will be the name
meta-llama/Llama-3.2-1B|Franklin D. Roosevelt is the current U.S. president. The name of the U.S. president 10 years ago was| Ronald Reagan. The name of the U.S. president 10 years ago was George H.W. Bush. The name of
meta-llama/Llama-3.2-1B|The name of the president 10 years before Franklin D. Roosevelt was| a British citizen named Sir Robert Peel. He was a member of the House of Commons who was elected as Prime Minister of the
meta-llama/Llama-3.2-1B|US president Franklin D. Roosevelt was inaugurated today. The name of the president in office 10 years ago was| Richard Nixon. The name of the president in office 20 years ago was Richard Nixon. The name of the president in office
meta-llama/Llama-3.2-1B|The current president of the US is Harry S. Truman. The name of the president 10 years ago was|" John F. Kennedy. What was the name of the president 20 years ago?
The current president of the US is Harry"
meta-llama/Llama-3.2-1B|Harry S. Truman is the current U.S. president. The name of the U.S. president 10 years ago was| George Bush. The name of the U.S. president 20 years ago was Ronald Reagan. The name of the U.S
meta-llama/Llama-3.2-1B|The name of the president 10 years before Harry S. Truman was| president of the United States. What was the name of the president 10 years before Harry S. Truman was president of the
meta-llama/Llama-3.2-1B|US president Harry S. Truman was inaugurated today. The name of the president in office 10 years ago was|" John F. Kennedy. The name of the president in office today is Lyndon B. Johnson.
The name of the president"
meta-llama/Llama-3.2-1B|The current president of the US is Dwight D. Eisenhower. The name of the president 10 years ago was| of the president 10 years ago was Jimmy Carter. What year was the name of the president 10 years ago?
meta-llama/Llama-3.2-1B|Dwight D. Eisenhower is the current U.S. president. The name of the U.S. president 10 years ago was| Bill Clinton. Dwight Eisenhower was the 34th president of the United States. He served from 1953 to 196
meta-llama/Llama-3.2-1B|The name of the president 10 years before Dwight D. Eisenhower was|" ""Lamar"".
The name of the president 10 years before Dwight D. Eisenhower was ""Lamar"".
The name of"
meta-llama/Llama-3.2-1B|US president Dwight D. Eisenhower was inaugurated today. The name of the president in office 10 years ago was| Lyndon B. Johnson. This was the first time in history that the president of the United States was inaugurated on the
meta-llama/Llama-3.2-1B|The current president of the US is John F. Kennedy. The name of the president 10 years ago was| Lyndon B. Johnson. The current vice president of the US is Richard M. Nixon. The name of the vice president
meta-llama/Llama-3.2-1B|John F. Kennedy is the current U.S. president. The name of the U.S. president 10 years ago was| George W. Bush. He is the 43rd president of the United States. He was born in New York. He
meta-llama/Llama-3.2-1B|The name of the president 10 years before John F. Kennedy was|" elected president of the United States is
A. Franklin D. Roosevelt
B. Harry S. Truman
C. John"
meta-llama/Llama-3.2-1B|US president John F. Kennedy was inaugurated today. The name of the president in office 10 years ago was|" Richard Nixon.
Inauguration of the President is a ceremony in which the new president is sworn in. The president takes an"
meta-llama/Llama-3.2-1B|The current president of the US is Lyndon B. Johnson. The name of the president 10 years ago was| Richard Nixon. He is the 37th president of the United States. He was the 36th vice president of the
meta-llama/Llama-3.2-1B|Lyndon B. Johnson is the current U.S. president. The name of the U.S. president 10 years ago was| Ronald Reagan. The name of the U.S. president 10 years ago was George W. Bush. The name of the
meta-llama/Llama-3.2-1B|The name of the president 10 years before Lyndon B. Johnson was| elected to the presidency was Lyndon Baines Johnson. The name of the president 10 years after Lyndon B. Johnson
meta-llama/Llama-3.2-1B|US president Lyndon B. Johnson was inaugurated today. The name of the president in office 10 years ago was| office 10 years ago was Richard Nixon. The inauguration took place in Washington. The ceremony was broadcast live on television.
meta-llama/Llama-3.2-1B|The current president of the US is Richard Nixon. The name of the president 10 years ago was| Bill Clinton. The name of the president 20 years ago was George H.W. Bush. The name of the president 
meta-llama/Llama-3.2-1B|Richard Nixon is the current U.S. president. The name of the U.S. president 10 years ago was|" Bill Clinton. The current U.S. president was Bill Clinton.
A. true
B. false
Answer: A"
meta-llama/Llama-3.2-1B|The name of the president 10 years before Richard Nixon was| Gerald Ford. The name of the vice-president 10 years before Gerald Ford was Nelson Rockefeller. The name of the vice-president
meta-llama/Llama-3.2-1B|US president Richard Nixon was inaugurated today. The name of the president in office 10 years ago was| Gerald Ford. He was inaugurated on January 20, 1973. He was the 38th president of the
meta-llama/Llama-3.2-1B|The current president of the US is Gerald Ford. The name of the president 10 years ago was| Jimmy Carter. Gerald Ford was the vice president of the US under the president Jimmy Carter. He was also the president of the
meta-llama/Llama-3.2-1B|Gerald Ford is the current U.S. president. The name of the U.S. president 10 years ago was| George H. W. Bush. Gerald Ford was the vice president from 1974 to 1977. He was elected
meta-llama/Llama-3.2-1B|The name of the president 10 years before Gerald Ford was| the name of the president. Gerald Ford was the president in 1974. The president 10 years before Gerald Ford was
meta-llama/Llama-3.2-1B|US president Gerald Ford was inaugurated today. The name of the president in office 10 years ago was| Jimmy Carter. This was the first time that a Republican had been elected president since 1928. He was 39 years
meta-llama/Llama-3.2-1B|The current president of the US is Jimmy Carter. The name of the president 10 years ago was|" Ronald Reagan. What is the name of the current president of the US?
A. Barack Obama
B. Barack Hussein Obama"
meta-llama/Llama-3.2-1B|Jimmy Carter is the current U.S. president. The name of the U.S. president 10 years ago was| Bill Clinton. The name of the U.S. president 10 years ago was Bill Clinton. The name of the U.S
meta-llama/Llama-3.2-1B|The name of the president 10 years before Jimmy Carter was| inaugurated in 1977. It was the first year of the Reagan administration, and the Democrats were in control of Congress
meta-llama/Llama-3.2-1B|US president Jimmy Carter was inaugurated today. The name of the president in office 10 years ago was| Ronald Reagan. The name of the president in office 10 years ago was Jimmy Carter. What is the name of the president
meta-llama/Llama-3.2-1B|The current president of the US is Ronald Reagan. The name of the president 10 years ago was| Bill Clinton. The name of the president 10 years ago was Bill Clinton. The name of the president 10 years ago
meta-llama/Llama-3.2-1B|Ronald Reagan is the current U.S. president. The name of the U.S. president 10 years ago was| George W. Bush. The current U.S. president was George W. Bush. The name of the U.S. president
meta-llama/Llama-3.2-1B|The name of the president 10 years before Ronald Reagan was|" the president 10 years before Ronald Reagan was not Jimmy Carter.
A. true
B. false
Answer: A"
meta-llama/Llama-3.2-1B|US president Ronald Reagan was inaugurated today. The name of the president in office 10 years ago was| George Bush. Bush was a Republican, Reagan a Democrat. Bush's wife was Barbara Bush. Reagan's wife was Nancy Reagan
